id,name,host_id,host_name,neighbourhood_group,neighbourhood,latitude,longitude,room_type,price,minimum_nights,number_of_reviews,last_review,reviews_per_month,calculated_host_listings_count,availability_365,number_of_reviews_ltm,license
1107081197390538500,Apartamento en valencia centro 2,565838630,Heidy,EXTRAMURS,LA ROQUETA,39.46690559729548,-0.37853680551052094,Entire home/apt,82,2,9,2024-06-21,2.81,3,78,9,NA
965624258527427700,"The city of Science, Oceanographic, beach, Wifi",25589063,Host,CAMINS AL GRAU,LA CREU DEL GRAU,39.4594026,-0.3411716,Entire home/apt,120,2,8,2024-06-12,3.43,1,173,8,NA
1020352137537651e3,Central Market Cool loft,23176846,M.P,CIUTAT VELLA,EL MERCAT,39.47365348510104,-0.3770314157009125,Entire home/apt,110,2,10,2024-06-02,1.38,4,177,10,NA
1104876233944084600,Modern self-contained loft near city center (B),49269897,Judith Paola,JESUS,LA RAIOSA,39.4573464,-0.3885391,Entire home/apt,89,2,10,2024-06-03,3.57,3,228,10,VT-54628-V
1112126483006653300,The Blue Boutique + patio,169138674,Andres&Sulai,CIUTAT VELLA,LA SEU,39.47543146654947,-0.3769506141543389,Entire home/apt,119,3,9,2024-06-22,3,2,225,9,NA
48823559,Central & Bright in the old town- Monthly Rental,392955565,Christine And Matt,CIUTAT VELLA,EL PILAR,39.47450052749582,-0.3830344832150038,Entire home/apt,109,1,9,2024-06-08,0.71,1,140,8,NA
881149833699424400,Fantástico Apartamento con Vistas para Temporada.,23071733,Joan,CAMINS AL GRAU,PENYA-ROJA,39.45554167129202,-0.3428793277829488,Entire home/apt,86,21,9,2024-06-03,0.69,10,84,8,NA
1113153177735297300,Acogedor apartamento en Valencia,454277603,Cecilia,BENICALAP,BENICALAP,39.4899934062468,-0.3837506129322292,Entire home/apt,81,1,8,2024-06-17,3.64,4,52,8,NA
978840558240073900,- Cabanyal Boutique,12055632,Isidro,POBLATS MARITIMS,CABANYAL-CANYAMELAR,39.47436287342036,-0.3276613523716422,Entire home/apt,325,2,9,2024-06-05,1.89,4,132,9,VT51905V
967251507632445700,"Architektenhaus mit Dachterrasse - strandnah, hell",534131810,Martin,POBLATS MARITIMS,CABANYAL-CANYAMELAR,39.47396481157597,-0.32884748301525546,Entire home/apt,127,4,10,2024-06-10,1.17,1,295,10,NA
8.2873476054637594e+17,Historic Downtown Valencia place-Monthly rental,501467897,Romina,CIUTAT VELLA,EL PILAR,39.472197945684485,-0.3833734446411506,Entire home/apt,65,28,10,2024-06-16,0.85,1,137,10,NA
910135856084712800,3-bedrooms Apartment near CityofArts &Oceanografic,501837131,Lyubov,CAMINS AL GRAU,LA CREU DEL GRAU,39.46097702054782,-0.3453978281028376,Entire home/apt,116,5,10,2024-06-03,0.8,12,70,8,NA
977533424267678e3,Apartamento primera línea de mar,406155489,Joaquín,POBLATS MARITIMS,CABANYAL-CANYAMELAR,39.470768,-0.325019,Entire home/apt,250,2,8,2024-06-21,2.2,1,193,8,NA
973696597446364900,Apartamentos Las Ciencias A. Wi-Fi + PK + A/C,14182776,Alberto,QUATRE CARRERES,CIUTAT DE LES ARTS I DE LES CIENCIES,39.457162406041505,-0.3582821655719748,Entire home/apt,201,1,10,2024-06-04,1.05,70,239,10,VT-53182-V
1132732950043237e3,Mar y Confort Doble Baño,232356580,Cong,ALGIROS,L'ILLA PERDUDA,39.47014904024412,-0.34143413931081273,Entire home/apt,94,1,10,2024-06-03,4.35,14,96,10,NA
1051416640778387100,GuestReady - Relaxing home in Valencia's Old Town,551995610,GuestReady,CIUTAT VELLA,LA SEU,39.47774144184611,-0.3740564425418634,Entire home/apt,125,1,9,2024-06-07,1.56,1,227,9,NA
1145106173050203500,¡Lujoso y moderno apartamento en centro histórico!,572767607,Adrian,CIUTAT VELLA,EL MERCAT,39.47317442172058,-0.3780241824616325,Entire home/apt,67,3,8,2024-06-19,5.71,2,72,8,NA
1120746984601832800,Mar&Sol flats by Vivo GC 1,568874632,Vivo GC,CAMINS AL GRAU,AIORA,39.463737990334835,-0.3392535018658416,Entire home/apt,127,2,9,2024-06-03,3.18,3,138,9,NA
1137451194296799200,Estupenda terraza y parking gratuito en Valencia,572939879,German,LA SAIDIA,SANT ANTONI,39.4902502,-0.3728009,Entire home/apt,93,2,8,2024-06-02,4.8,1,166,8,NA
41129846,"Piso Archiduque Carlos wifi, ascensor",107477338,Mihaela Gianina,PATRAIX,SAFRANAR,39.46166,-0.39779,Entire home/apt,98,7,9,2024-06-20,0.42,6,65,8,VT-44668-V
1112204628815358600,Valencia Bajo D - Apartamento Centro,12964124,Lucia,CIUTAT VELLA,SANT FRANCESC,39.46933,-0.38209,Entire home/apt,94,3,10,2024-06-08,5.45,5,38,10,VT-54864-V
1135502847961650200,Magnífico ático en Ciudad Ciencias con 3 terrazas.,80282718,Carlos,CAMINS AL GRAU,PENYA-ROJA,39.4566374,-0.3448944,Entire home/apt,226,3,10,2024-06-12,6.25,1,62,10,VT-47068-V
1025524923349081500,Apartamentos Las Ciencias Studio T. WiFi+A/C,14182776,Alberto,QUATRE CARRERES,CIUTAT DE LES ARTS I DE LES CIENCIES,39.45710959722,-0.35818158273392,Entire home/apt,90,1,8,2024-06-03,2.02,70,246,8,EGVT/0234/V
1116085389651228400,Ático con dos terrazas cerca del mar,566497734,Juan,POBLATS MARITIMS,CABANYAL-CANYAMELAR,39.464031482220825,-0.3334173560142517,Entire home/apt,110,3,9,2024-06-16,4.29,2,93,9,NA
9.2365986327109606e+17,Ruzafa joia appartament,239135306,Dario,L'EIXAMPLE,RUSSAFA,39.45911255072608,-0.3752189129590988,Entire home/apt,79,4,8,2024-06-04,0.89,1,292,8,NA
1122375443591651600,Hospédate en Ruzafa con tu grupo,456135217,Julio,L'EIXAMPLE,RUSSAFA,39.46080854369269,-0.36968663083572456,Entire home/apt,242,3,8,2024-06-15,4,52,175,8,NA
1110064321513169800,Apartment 87Llaves*Valen.Centro,566306114,Ochenta Y Siete LLAVES,EXTRAMURS,LA PETXINA,39.47655,-0.39173,Entire home/apt,106,1,9,2024-06-19,4.09,3,335,9,NA
754799968541303200,"Design, beach and centric loft",173616332,Pepe Y Sara,L'EIXAMPLE,LA GRAN VIA,39.4653,-0.37294,Entire home/apt,96,2,9,2024-06-12,0.46,3,88,7,VT-46145-V
933809064518970900,Amplio apartamento con garaje,58325872,Clara Ines,RASCANYA,ELS ORRIOLS,39.493831512558856,-0.3719057033628742,Entire home/apt,99,20,10,2024-06-14,0.97,2,254,10,NA
1103631036423674100,Casa Maritima,14031964,Aleksandr,CAMINS AL GRAU,AIORA,39.46501445067386,-0.33922329765470943,Entire home/apt,124,3,9,2024-06-16,3.14,2,130,9,NA
1120264762044949900,Mar&Sol flats by Vivo GC 3,568874632,Vivo GC,CAMINS AL GRAU,AIORA,39.463709,-0.3392974,Entire home/apt,126,2,8,2024-06-02,2.82,3,100,8,NA
1056464738253674400,Flat - Terrace near the Nord Station,552004331,Valma,EXTRAMURS,LA ROQUETA,39.46427623775874,-0.38035055855270966,Entire home/apt,110,1,9,2024-06-11,1.55,1,338,9,VT-45161-V
976840,San Lia,5343696,Eduard,JESUS,LA CREU COBERTA,39.4528,-0.38262,Entire home/apt,130,2,8,2024-06-02,0.06,1,173,3,NA
1096967644541569400,Felix Flat,432981976,Joan,BENICALAP,BENICALAP,39.491821471304874,-0.3837073742021417,Entire home/apt,92,1,10,2024-06-20,3.06,21,221,10,NA
1109995429081729900,Hermoso ático con dos terrazas cerca del mar,566497734,Juan,POBLATS MARITIMS,CABANYAL-CANYAMELAR,39.4640314,-0.3334174,Entire home/apt,140,3,9,2024-06-16,2.78,2,29,9,NA
44180848,Vlc apartamento cerca de la playa.,298318735,Raquel,POBLATS MARITIMS,CABANYAL-CANYAMELAR,39.46427,-0.32992,Entire home/apt,324,1,10,2024-06-02,0.29,1,70,5,Exp. 03501-2019-1904
1096904488403951900,Loft EA playa Cabanyal  2,563369225,Xuejie,POBLATS MARITIMS,CABANYAL-CANYAMELAR,39.46667066149016,-0.3348022359143151,Entire home/apt,132,2,10,2024-06-06,3.49,6,220,10,NA
1.1202155588666319e+18,Atico EA playa cabanyal,563369225,Xuejie,POBLATS MARITIMS,CABANYAL-CANYAMELAR,39.46603959999999,-0.3337257,Entire home/apt,146,2,10,2024-06-13,3.57,6,67,10,NA
939284684544654600,"Apartamento mercado 
10B",500343338,Cristobal,L'EIXAMPLE,RUSSAFA,39.46277192813992,-0.3715536451213643,Entire home/apt,73,30,10,2024-06-09,0.94,13,143,10,NA
1097086803388544300,magnífico ático tríplex,17166540,Jorge,PATRAIX,VARA DE QUART,39.459848594389626,-0.4132564812471598,Entire home/apt,131,3,10,2024-06-16,3.06,1,192,10,NA
862710707503861800,"Rualva Flats, Convento 1 with terrace",129996041,Marcos,EXTRAMURS,LA ROQUETA,39.46464423976129,-0.3805851869487348,Entire home/apt,165,4,10,2024-06-06,0.75,8,38,9,VT-51844-V
902829279987199700,"Apartamento 8 pax, Sauna, Wifi, AC, cerca de Playa",486015813,Carlos,POBLATS MARITIMS,CABANYAL-CANYAMELAR,39.463253321439474,-0.3338298068308117,Entire home/apt,273,4,8,2024-06-04,0.63,3,48,6,VT-50528-V
1068998576519283700,Ven a Valencia la bella ciudad,226064725,Trinidad,CAMINS AL GRAU,CAMI FONDO,39.46658517217492,-0.3549075499176979,Entire home/apt,110,3,10,2024-06-09,2.59,6,40,10,NA
805683028852750600,Precioso y luminoso piso para nómadas teletrabajo.,456098333,Claudio,CAMINS AL GRAU,PENYA-ROJA,39.46463410440654,-0.35704358134690134,Entire home/apt,65,30,9,2024-06-06,0.59,11,249,6,NA
1139012731113254900,Apartamento Valencia,523318449,Jose,QUATRE CARRERES,MONT-OLIVET,39.46119357237435,-0.3633603542995851,Entire home/apt,63,1,8,2024-06-05,4.62,5,166,8,NA
1.1041474824831921e+18,Central apartment with nice terrace,491663354,Stl Apartamentos,EXTRAMURS,EL BOTANIC,39.4742538509876,-0.3844421768455232,Entire home/apt,137,2,10,2024-06-09,3.13,11,170,10,NA
1107159376211682800,Piso increíble en pleno Carmen,104348482,Pilar,CIUTAT VELLA,EL CARME,39.4768,-0.37823,Entire home/apt,331,2,8,2024-06-21,3.08,8,224,8,NA
1015776477231354400,"Turia Gardens, near to Old Town",5389709,Monika,CAMPANAR,LES TENDETES,39.48135665658616,-0.386696420609951,Entire home/apt,135,4,8,2024-06-06,2.07,1,182,8,NA
19475720,CENTRE DELUXE AP,128151199,Inmaculada,CIUTAT VELLA,SANT FRANCESC,39.469297485714606,-0.3742582817142523,Entire home/apt,400,5,8,2024-06-03,0.1,1,69,4,NA
1103603502347838600,Estudio Plus Ultra,261149179,Vacansis,QUATRE CARRERES,EN CORTS,39.45593,-0.37344,Entire home/apt,66,1,8,2024-06-18,2.82,6,270,8,NA
